data,target
"[396.410004 395.910004 397.26001  391.480011 389.480011 392.589996
 389.5      387.519989 389.700012 395.980011 395.779999 394.730011
 396.329987 400.609985 406.359985 406.119995 406.589996 408.519989
 411.48999  411.640015 412.859985]",-1.4099729999999795
"[395.910004 397.26001  391.480011 389.480011 392.589996 389.5
 387.519989 389.700012 395.980011 395.779999 394.730011 396.329987
 400.609985 406.359985 406.119995 406.589996 408.519989 411.48999
 411.640015 412.859985 411.450012]",4.419983000000002
"[397.26001  391.480011 389.480011 392.589996 389.5      387.519989
 389.700012 395.980011 395.779999 394.730011 396.329987 400.609985
 406.359985 406.119995 406.589996 408.519989 411.48999  411.640015
 412.859985 411.450012 415.869995]",1.3900150000000053
"[391.480011 389.480011 392.589996 389.5      387.519989 389.700012
 395.980011 395.779999 394.730011 396.329987 400.609985 406.359985
 406.119995 406.589996 408.519989 411.48999  411.640015 412.859985
 411.450012 415.869995 417.26001 ]",-2.0500190000000202
"[389.480011 392.589996 389.5      387.519989 389.700012 395.980011
 395.779999 394.730011 396.329987 400.609985 406.359985 406.119995
 406.589996 408.519989 411.48999  411.640015 412.859985 411.450012
 415.869995 417.26001  415.209991]",-3.039978000000019
"[392.589996 389.5      387.519989 389.700012 395.980011 395.779999
 394.730011 396.329987 400.609985 406.359985 406.119995 406.589996
 408.519989 411.48999  411.640015 412.859985 411.450012 415.869995
 417.26001  415.209991 412.170013]",3.8999939999999924
"[389.5      387.519989 389.700012 395.980011 395.779999 394.730011
 396.329987 400.609985 406.359985 406.119995 406.589996 408.519989
 411.48999  411.640015 412.859985 411.450012 415.869995 417.26001
 415.209991 412.170013 416.070007]",-3.800017999999966
"[387.519989 389.700012 395.980011 395.779999 394.730011 396.329987
 400.609985 406.359985 406.119995 406.589996 408.519989 411.48999
 411.640015 412.859985 411.450012 415.869995 417.26001  415.209991
 412.170013 416.070007 412.269989]",4.470000999999968
"[389.700012 395.980011 395.779999 394.730011 396.329987 400.609985
 406.359985 406.119995 406.589996 408.519989 411.48999  411.640015
 412.859985 411.450012 415.869995 417.26001  415.209991 412.170013
 416.070007 412.269989 416.73999 ]",0.8699950000000172
"[395.980011 395.779999 394.730011 396.329987 400.609985 406.359985
 406.119995 406.589996 408.519989 411.48999  411.640015 412.859985
 411.450012 415.869995 417.26001  415.209991 412.170013 416.070007
 412.269989 416.73999  417.609985]",-0.08999599999998509
"[395.779999 394.730011 396.329987 400.609985 406.359985 406.119995
 406.589996 408.519989 411.48999  411.640015 412.859985 411.450012
 415.869995 417.26001  415.209991 412.170013 416.070007 412.269989
 416.73999  417.609985 417.519989]",-0.11999500000001717
"[394.730011 396.329987 400.609985 406.359985 406.119995 406.589996
 408.519989 411.48999  411.640015 412.859985 411.450012 415.869995
 417.26001  415.209991 412.170013 416.070007 412.269989 416.73999
 417.609985 417.519989 417.399994]",2.6600040000000718
"[396.329987 400.609985 406.359985 406.119995 406.589996 408.519989
 411.48999  411.640015 412.859985 411.450012 415.869995 417.26001
 415.209991 412.170013 416.070007 412.269989 416.73999  417.609985
 417.519989 417.399994 420.059998]",-2.7600100000000793
"[400.609985 406.359985 406.119995 406.589996 408.519989 411.48999
 411.640015 412.859985 411.450012 415.869995 417.26001  415.209991
 412.170013 416.070007 412.269989 416.73999  417.609985 417.519989
 417.399994 420.059998 417.299988]",0.9000240000000304
"[406.359985 406.119995 406.589996 408.519989 411.48999  411.640015
 412.859985 411.450012 415.869995 417.26001  415.209991 412.170013
 416.070007 412.269989 416.73999  417.609985 417.519989 417.399994
 420.059998 417.299988 418.200012]",-2.580016999999998
"[406.119995 406.589996 408.519989 411.48999  411.640015 412.859985
 411.450012 415.869995 417.26001  415.209991 412.170013 416.070007
 412.269989 416.73999  417.609985 417.519989 417.399994 420.059998
 417.299988 418.200012 415.619995]",0.13000499999998283
"[406.589996 408.519989 411.48999  411.640015 412.859985 411.450012
 415.869995 417.26001  415.209991 412.170013 416.070007 412.269989
 416.73999  417.609985 417.519989 417.399994 420.059998 417.299988
 418.200012 415.619995 415.75    ]",3.3200069999999755
"[408.519989 411.48999  411.640015 412.859985 411.450012 415.869995
 417.26001  415.209991 412.170013 416.070007 412.269989 416.73999
 417.609985 417.519989 417.399994 420.059998 417.299988 418.200012
 415.619995 415.75     419.070007]",3.0499880000000417
"[411.48999  411.640015 412.859985 411.450012 415.869995 417.26001
 415.209991 412.170013 416.070007 412.269989 416.73999  417.609985
 417.519989 417.399994 420.059998 417.299988 418.200012 415.619995
 415.75     419.070007 422.119995]",-4.1799930000000245
"[411.640015 412.859985 411.450012 415.869995 417.26001  415.209991
 412.170013 416.070007 412.269989 416.73999  417.609985 417.519989
 417.399994 420.059998 417.299988 418.200012 415.619995 415.75
 419.070007 422.119995 417.940002]",-3.7300109999999904
"[412.859985 411.450012 415.869995 417.26001  415.209991 412.170013
 416.070007 412.269989 416.73999  417.609985 417.519989 417.399994
 420.059998 417.299988 418.200012 415.619995 415.75     419.070007
 422.119995 417.940002 414.209991]",-8.799986999999987
"[411.450012 415.869995 417.26001  415.209991 412.170013 416.070007
 412.269989 416.73999  417.609985 417.519989 417.399994 420.059998
 417.299988 418.200012 415.619995 415.75     419.070007 422.119995
 417.940002 414.209991 405.410004]",4.869995000000017
"[415.869995 417.26001  415.209991 412.170013 416.070007 412.269989
 416.73999  417.609985 417.519989 417.399994 420.059998 417.299988
 418.200012 415.619995 415.75     419.070007 422.119995 417.940002
 414.209991 405.410004 410.279999]",6.299987999999985
"[417.26001  415.209991 412.170013 416.070007 412.269989 416.73999
 417.609985 417.519989 417.399994 420.059998 417.299988 418.200012
 415.619995 415.75     419.070007 422.119995 417.940002 414.209991
 405.410004 410.279999 416.579987]",-1.0599980000000073
"[415.209991 412.170013 416.070007 412.269989 416.73999  417.609985
 417.519989 417.399994 420.059998 417.299988 418.200012 415.619995
 415.75     419.070007 422.119995 417.940002 414.209991 405.410004
 410.279999 416.579987 415.519989]",-3.579987000000017
"[412.170013 416.070007 412.269989 416.73999  417.609985 417.519989
 417.399994 420.059998 417.299988 418.200012 415.619995 415.75
 419.070007 422.119995 417.940002 414.209991 405.410004 410.279999
 416.579987 415.519989 411.940002]",-1.080016999999998
"[416.070007 412.269989 416.73999  417.609985 417.519989 417.399994
 420.059998 417.299988 418.200012 415.619995 415.75     419.070007
 422.119995 417.940002 414.209991 405.410004 410.279999 416.579987
 415.519989 411.940002 410.859985]",4.420014000000037
"[412.269989 416.73999  417.609985 417.519989 417.399994 420.059998
 417.299988 418.200012 415.619995 415.75     419.070007 422.119995
 417.940002 414.209991 405.410004 410.279999 416.579987 415.519989
 411.940002 410.859985 415.279999]",-0.3399970000000394
"[416.73999  417.609985 417.519989 417.399994 420.059998 417.299988
 418.200012 415.619995 415.75     419.070007 422.119995 417.940002
 414.209991 405.410004 410.279999 416.579987 415.519989 411.940002
 410.859985 415.279999 414.940002]",4.23001099999999
"[417.609985 417.519989 417.399994 420.059998 417.299988 418.200012
 415.619995 415.75     419.070007 422.119995 417.940002 414.209991
 405.410004 410.279999 416.579987 415.519989 411.940002 410.859985
 415.279999 414.940002 419.170013]",-0.9300230000000056
"[417.519989 417.399994 420.059998 417.299988 418.200012 415.619995
 415.75     419.070007 422.119995 417.940002 414.209991 405.410004
 410.279999 416.579987 415.519989 411.940002 410.859985 415.279999
 414.940002 419.170013 418.23999 ]",0.830016999999998
"[417.399994 420.059998 417.299988 418.200012 415.619995 415.75
 419.070007 422.119995 417.940002 414.209991 405.410004 410.279999
 416.579987 415.519989 411.940002 410.859985 415.279999 414.940002
 419.170013 418.23999  419.070007]",0.22000200000002224
"[420.059998 417.299988 418.200012 415.619995 415.75     419.070007
 422.119995 417.940002 414.209991 405.410004 410.279999 416.579987
 415.519989 411.940002 410.859985 415.279999 414.940002 419.170013
 418.23999  419.070007 419.290009]",0.75
"[417.299988 418.200012 415.619995 415.75     419.070007 422.119995
 417.940002 414.209991 405.410004 410.279999 416.579987 415.519989
 411.940002 410.859985 415.279999 414.940002 419.170013 418.23999
 419.070007 419.290009 420.040009]",-0.36999600000001465
"[418.200012 415.619995 415.75     419.070007 422.119995 417.940002
 414.209991 405.410004 410.279999 416.579987 415.519989 411.940002
 410.859985 415.279999 414.940002 419.170013 418.23999  419.070007
 419.290009 420.040009 419.670013]",0.6599740000000338
"[415.619995 415.75     419.070007 422.119995 417.940002 414.209991
 405.410004 410.279999 416.579987 415.519989 411.940002 410.859985
 415.279999 414.940002 419.170013 418.23999  419.070007 419.290009
 420.040009 419.670013 420.329987]",-1.5599980000000073
"[415.75     419.070007 422.119995 417.940002 414.209991 405.410004
 410.279999 416.579987 415.519989 411.940002 410.859985 415.279999
 414.940002 419.170013 418.23999  419.070007 419.290009 420.040009
 419.670013 420.329987 418.769989]",3.830016999999941
"[419.070007 422.119995 417.940002 414.209991 405.410004 410.279999
 416.579987 415.519989 411.940002 410.859985 415.279999 414.940002
 419.170013 418.23999  419.070007 419.290009 420.040009 419.670013
 420.329987 418.769989 422.600006]",-0.4100040000000149
"[422.119995 417.940002 414.209991 405.410004 410.279999 416.579987
 415.519989 411.940002 410.859985 415.279999 414.940002 419.170013
 418.23999  419.070007 419.290009 420.040009 419.670013 420.329987
 418.769989 422.600006 422.190002]",0.08999700000009625
"[417.940002 414.209991 405.410004 410.279999 416.579987 415.519989
 411.940002 410.859985 415.279999 414.940002 419.170013 418.23999
 419.070007 419.290009 420.040009 419.670013 420.329987 418.769989
 422.600006 422.190002 422.279999]",-0.6300049999999828
"[414.209991 405.410004 410.279999 416.579987 415.519989 411.940002
 410.859985 415.279999 414.940002 419.170013 418.23999  419.070007
 419.290009 420.040009 419.670013 420.329987 418.769989 422.600006
 422.190002 422.279999 421.649994]",1.9599909999998886
"[405.410004 410.279999 416.579987 415.519989 411.940002 410.859985
 415.279999 414.940002 419.170013 418.23999  419.070007 419.290009
 420.040009 419.670013 420.329987 418.769989 422.600006 422.190002
 422.279999 421.649994 423.609985]",0.7000130000001263
"[410.279999 416.579987 415.519989 411.940002 410.859985 415.279999
 414.940002 419.170013 418.23999  419.070007 419.290009 420.040009
 419.670013 420.329987 418.769989 422.600006 422.190002 422.279999
 421.649994 423.609985 424.309998]",0.9500119999999015
"[416.579987 415.519989 411.940002 410.859985 415.279999 414.940002
 419.170013 418.23999  419.070007 419.290009 420.040009 419.670013
 420.329987 418.769989 422.600006 422.190002 422.279999 421.649994
 423.609985 424.309998 425.26001 ]",-0.7799989999999184
"[415.519989 411.940002 410.859985 415.279999 414.940002 419.170013
 418.23999  419.070007 419.290009 420.040009 419.670013 420.329987
 418.769989 422.600006 422.190002 422.279999 421.649994 423.609985
 424.309998 425.26001  424.480011]",-2.3700260000001094
"[411.940002 410.859985 415.279999 414.940002 419.170013 418.23999
 419.070007 419.290009 420.040009 419.670013 420.329987 418.769989
 422.600006 422.190002 422.279999 421.649994 423.609985 424.309998
 425.26001  424.480011 422.109985]",-0.1399839999999699
"[410.859985 415.279999 414.940002 419.170013 418.23999  419.070007
 419.290009 420.040009 419.670013 420.329987 418.769989 422.600006
 422.190002 422.279999 421.649994 423.609985 424.309998 425.26001
 424.480011 422.109985 421.970001]",-7.049987999999985
"[415.279999 414.940002 419.170013 418.23999  419.070007 419.290009
 420.040009 419.670013 420.329987 418.769989 422.600006 422.190002
 422.279999 421.649994 423.609985 424.309998 425.26001  424.480011
 422.109985 421.970001 414.920013]",5.939971999999955
"[414.940002 419.170013 418.23999  419.070007 419.290009 420.040009
 419.670013 420.329987 418.769989 422.600006 422.190002 422.279999
 421.649994 423.609985 424.309998 425.26001  424.480011 422.109985
 421.970001 414.920013 420.859985]",2.25
"[419.170013 418.23999  419.070007 419.290009 420.040009 419.670013
 420.329987 418.769989 422.600006 422.190002 422.279999 421.649994
 423.609985 424.309998 425.26001  424.480011 422.109985 421.970001
 414.920013 420.859985 423.109985]",-0.5099789999999871
"[418.23999  419.070007 419.290009 420.040009 419.670013 420.329987
 418.769989 422.600006 422.190002 422.279999 421.649994 423.609985
 424.309998 425.26001  424.480011 422.109985 421.970001 414.920013
 420.859985 423.109985 422.600006]",2.5
"[419.070007 419.290009 420.040009 419.670013 420.329987 418.769989
 422.600006 422.190002 422.279999 421.649994 423.609985 424.309998
 425.26001  424.480011 422.109985 421.970001 414.920013 420.859985
 423.109985 422.600006 425.100006]",1.509978999999987
"[419.290009 420.040009 419.670013 420.329987 418.769989 422.600006
 422.190002 422.279999 421.649994 423.609985 424.309998 425.26001
 424.480011 422.109985 421.970001 414.920013 420.859985 423.109985
 422.600006 425.100006 426.609985]",0.8600160000000301
"[420.040009 419.670013 420.329987 418.769989 422.600006 422.190002
 422.279999 421.649994 423.609985 424.309998 425.26001  424.480011
 422.109985 421.970001 414.920013 420.859985 423.109985 422.600006
 425.100006 426.609985 427.470001]",0.23001100000004726
"[419.670013 420.329987 418.769989 422.600006 422.190002 422.279999
 421.649994 423.609985 424.309998 425.26001  424.480011 422.109985
 421.970001 414.920013 420.859985 423.109985 422.600006 425.100006
 426.609985 427.470001 427.700012]",0.359986000000049
"[420.329987 418.769989 422.600006 422.190002 422.279999 421.649994
 423.609985 424.309998 425.26001  424.480011 422.109985 421.970001
 414.920013 420.859985 423.109985 422.600006 425.100006 426.609985
 427.470001 427.700012 428.059998]",2.3699949999999035
"[418.769989 422.600006 422.190002 422.279999 421.649994 423.609985
 424.309998 425.26001  424.480011 422.109985 421.970001 414.920013
 420.859985 423.109985 422.600006 425.100006 426.609985 427.470001
 427.700012 428.059998 430.429993]",3.2900080000000003
"[422.600006 422.190002 422.279999 421.649994 423.609985 424.309998
 425.26001  424.480011 422.109985 421.970001 414.920013 420.859985
 423.109985 422.600006 425.100006 426.609985 427.470001 427.700012
 428.059998 430.429993 433.720001]",-0.7900080000000003
"[422.190002 422.279999 421.649994 423.609985 424.309998 425.26001
 424.480011 422.109985 421.970001 414.920013 420.859985 423.109985
 422.600006 425.100006 426.609985 427.470001 427.700012 428.059998
 430.429993 433.720001 432.929993]",1.5299980000000346
"[422.279999 421.649994 423.609985 424.309998 425.26001  424.480011
 422.109985 421.970001 414.920013 420.859985 423.109985 422.600006
 425.100006 426.609985 427.470001 427.700012 428.059998 430.429993
 433.720001 432.929993 434.459991]",-3.539978000000019
"[421.649994 423.609985 424.309998 425.26001  424.480011 422.109985
 421.970001 414.920013 420.859985 423.109985 422.600006 425.100006
 426.609985 427.470001 427.700012 428.059998 430.429993 433.720001
 432.929993 434.459991 430.920013]",4.59997599999997
"[423.609985 424.309998 425.26001  424.480011 422.109985 421.970001
 414.920013 420.859985 423.109985 422.600006 425.100006 426.609985
 427.470001 427.700012 428.059998 430.429993 433.720001 432.929993
 434.459991 430.920013 435.519989]",1.5599980000000642
"[424.309998 425.26001  424.480011 422.109985 421.970001 414.920013
 420.859985 423.109985 422.600006 425.100006 426.609985 427.470001
 427.700012 428.059998 430.429993 433.720001 432.929993 434.459991
 430.920013 435.519989 437.079987]",-1.4899910000000318
"[425.26001  424.480011 422.109985 421.970001 414.920013 420.859985
 423.109985 422.600006 425.100006 426.609985 427.470001 427.700012
 428.059998 430.429993 433.720001 432.929993 434.459991 430.920013
 435.519989 437.079987 435.589996]",0.6499940000000493
"[424.480011 422.109985 421.970001 414.920013 420.859985 423.109985
 422.600006 425.100006 426.609985 427.470001 427.700012 428.059998
 430.429993 433.720001 432.929993 434.459991 430.920013 435.519989
 437.079987 435.589996 436.23999 ]",-1.4899900000000343
"[422.109985 421.970001 414.920013 420.859985 423.109985 422.600006
 425.100006 426.609985 427.470001 427.700012 428.059998 430.429993
 433.720001 432.929993 434.459991 430.920013 435.519989 437.079987
 435.589996 436.23999  434.75    ]",-3.410004000000015
"[421.970001 414.920013 420.859985 423.109985 422.600006 425.100006
 426.609985 427.470001 427.700012 428.059998 430.429993 433.720001
 432.929993 434.459991 430.920013 435.519989 437.079987 435.589996
 436.23999  434.75     431.339996]",-6.369995000000017
"[414.920013 420.859985 423.109985 422.600006 425.100006 426.609985
 427.470001 427.700012 428.059998 430.429993 433.720001 432.929993
 434.459991 430.920013 435.519989 437.079987 435.589996 436.23999
 434.75     431.339996 424.970001]",6.089997000000096
"[420.859985 423.109985 422.600006 425.100006 426.609985 427.470001
 427.700012 428.059998 430.429993 433.720001 432.929993 434.459991
 430.920013 435.519989 437.079987 435.589996 436.23999  434.75
 431.339996 424.970001 431.059998]",3.4899899999999207
"[423.109985 422.600006 425.100006 426.609985 427.470001 427.700012
 428.059998 430.429993 433.720001 432.929993 434.459991 430.920013
 435.519989 437.079987 435.589996 436.23999  434.75     431.339996
 424.970001 431.059998 434.549988]",0.9100030000000174
"[422.600006 425.100006 426.609985 427.470001 427.700012 428.059998
 430.429993 433.720001 432.929993 434.459991 430.920013 435.519989
 437.079987 435.589996 436.23999  434.75     431.339996 424.970001
 431.059998 434.549988 435.459991]",4.480010999999934
"[425.100006 426.609985 427.470001 427.700012 428.059998 430.429993
 433.720001 432.929993 434.459991 430.920013 435.519989 437.079987
 435.589996 436.23999  434.75     431.339996 424.970001 431.059998
 434.549988 435.459991 439.940002]",1.079987000000017
"[426.609985 427.470001 427.700012 428.059998 430.429993 433.720001
 432.929993 434.459991 430.920013 435.519989 437.079987 435.589996
 436.23999  434.75     431.339996 424.970001 431.059998 434.549988
 435.459991 439.940002 441.019989]",-2.009978999999987
"[427.470001 427.700012 428.059998 430.429993 433.720001 432.929993
 434.459991 430.920013 435.519989 437.079987 435.589996 436.23999
 434.75     431.339996 424.970001 431.059998 434.549988 435.459991
 439.940002 441.019989 439.01001 ]",-0.18002299999994875
"[427.700012 428.059998 430.429993 433.720001 432.929993 434.459991
 430.920013 435.519989 437.079987 435.589996 436.23999  434.75
 431.339996 424.970001 431.059998 434.549988 435.459991 439.940002
 441.019989 439.01001  438.829987]",1.8200070000000323
"[428.059998 430.429993 433.720001 432.929993 434.459991 430.920013
 435.519989 437.079987 435.589996 436.23999  434.75     431.339996
 424.970001 431.059998 434.549988 435.459991 439.940002 441.019989
 439.01001  438.829987 440.649994]",-2.1399840000000836
"[430.429993 433.720001 432.929993 434.459991 430.920013 435.519989
 437.079987 435.589996 436.23999  434.75     431.339996 424.970001
 431.059998 434.549988 435.459991 439.940002 441.019989 439.01001
 438.829987 440.649994 438.51001 ]",-0.9200139999999806
"[433.720001 432.929993 434.459991 430.920013 435.519989 437.079987
 435.589996 436.23999  434.75     431.339996 424.970001 431.059998
 434.549988 435.459991 439.940002 441.019989 439.01001  438.829987
 440.649994 438.51001  437.589996]",3.559998000000064
"[432.929993 434.459991 430.920013 435.519989 437.079987 435.589996
 436.23999  434.75     431.339996 424.970001 431.059998 434.549988
 435.459991 439.940002 441.019989 439.01001  438.829987 440.649994
 438.51001  437.589996 441.149994]",-2.169983000000002
"[434.459991 430.920013 435.519989 437.079987 435.589996 436.23999
 434.75     431.339996 424.970001 431.059998 434.549988 435.459991
 439.940002 441.019989 439.01001  438.829987 440.649994 438.51001
 437.589996 441.149994 438.980011]",2.7799989999999184
"[430.920013 435.519989 437.079987 435.589996 436.23999  434.75
 431.339996 424.970001 431.059998 434.549988 435.459991 439.940002
 441.019989 439.01001  438.829987 440.649994 438.51001  437.589996
 441.149994 438.980011 441.76001 ]",0.7299800000000687
"[435.519989 437.079987 435.589996 436.23999  434.75     431.339996
 424.970001 431.059998 434.549988 435.459991 439.940002 441.019989
 439.01001  438.829987 440.649994 438.51001  437.589996 441.149994
 438.980011 441.76001  442.48999 ]",-0.3599850000000515
"[437.079987 435.589996 436.23999  434.75     431.339996 424.970001
 431.059998 434.549988 435.459991 439.940002 441.019989 439.01001
 438.829987 440.649994 438.51001  437.589996 441.149994 438.980011
 441.76001  442.48999  442.130005]",0.5499879999999848
"[435.589996 436.23999  434.75     431.339996 424.970001 431.059998
 434.549988 435.459991 439.940002 441.019989 439.01001  438.829987
 440.649994 438.51001  437.589996 441.149994 438.980011 441.76001
 442.48999  442.130005 442.679993]",1.1000060000000644
"[436.23999  434.75     431.339996 424.970001 431.059998 434.549988
 435.459991 439.940002 441.019989 439.01001  438.829987 440.649994
 438.51001  437.589996 441.149994 438.980011 441.76001  442.48999
 442.130005 442.679993 443.779999]",1.3299859999999057
"[434.75     431.339996 424.970001 431.059998 434.549988 435.459991
 439.940002 441.019989 439.01001  438.829987 440.649994 438.51001
 437.589996 441.149994 438.980011 441.76001  442.48999  442.130005
 442.679993 443.779999 445.109985]",0.8100280000000453
"[431.339996 424.970001 431.059998 434.549988 435.459991 439.940002
 441.019989 439.01001  438.829987 440.649994 438.51001  437.589996
 441.149994 438.980011 441.76001  442.48999  442.130005 442.679993
 443.779999 445.109985 445.920013]",1.0499879999999848
"[424.970001 431.059998 434.549988 435.459991 439.940002 441.019989
 439.01001  438.829987 440.649994 438.51001  437.589996 441.149994
 438.980011 441.76001  442.48999  442.130005 442.679993 443.779999
 445.109985 445.920013 446.970001]",-2.92999199999997
"[431.059998 434.549988 435.459991 439.940002 441.019989 439.01001
 438.829987 440.649994 438.51001  437.589996 441.149994 438.980011
 441.76001  442.48999  442.130005 442.679993 443.779999 445.109985
 445.920013 446.970001 444.040009]",-4.86001600000003
"[434.549988 435.459991 439.940002 441.019989 439.01001  438.829987
 440.649994 438.51001  437.589996 441.149994 438.980011 441.76001
 442.48999  442.130005 442.679993 443.779999 445.109985 445.920013
 446.970001 444.040009 439.179993]",0.6799919999999702
"[435.459991 439.940002 441.019989 439.01001  438.829987 440.649994
 438.51001  437.589996 441.149994 438.980011 441.76001  442.48999
 442.130005 442.679993 443.779999 445.109985 445.920013 446.970001
 444.040009 439.179993 439.859985]",3.5
"[439.940002 441.019989 439.01001  438.829987 440.649994 438.51001
 437.589996 441.149994 438.980011 441.76001  442.48999  442.130005
 442.679993 443.779999 445.109985 445.920013 446.970001 444.040009
 439.179993 439.859985 443.359985]",3.900025000000028
"[441.019989 439.01001  438.829987 440.649994 438.51001  437.589996
 441.149994 438.980011 441.76001  442.48999  442.130005 442.679993
 443.779999 445.109985 445.920013 446.970001 444.040009 439.179993
 439.859985 443.359985 447.26001 ]",0.7099910000000023
"[439.01001  438.829987 440.649994 438.51001  437.589996 441.149994
 438.980011 441.76001  442.48999  442.130005 442.679993 443.779999
 445.109985 445.920013 446.970001 444.040009 439.179993 439.859985
 443.359985 447.26001  447.970001]",0.940003000000047
"[438.829987 440.649994 438.51001  437.589996 441.149994 438.980011
 441.76001  442.48999  442.130005 442.679993 443.779999 445.109985
 445.920013 446.970001 444.040009 439.179993 439.859985 443.359985
 447.26001  447.970001 448.910004]",-2.6499940000000493
"[440.649994 438.51001  437.589996 441.149994 438.980011 441.76001
 442.48999  442.130005 442.679993 443.779999 445.109985 445.920013
 446.970001 444.040009 439.179993 439.859985 443.359985 447.26001
 447.970001 448.910004 446.26001 ]",3.9899900000000343
"[438.51001  437.589996 441.149994 438.980011 441.76001  442.48999
 442.130005 442.679993 443.779999 445.109985 445.920013 446.970001
 444.040009 439.179993 439.859985 443.359985 447.26001  447.970001
 448.910004 446.26001  450.25    ]",1.9800110000000473
"[437.589996 441.149994 438.980011 441.76001  442.48999  442.130005
 442.679993 443.779999 445.109985 445.920013 446.970001 444.040009
 439.179993 439.859985 443.359985 447.26001  447.970001 448.910004
 446.26001  450.25     452.230011]",-0.6700129999999831
"[441.149994 438.980011 441.76001  442.48999  442.130005 442.679993
 443.779999 445.109985 445.920013 446.970001 444.040009 439.179993
 439.859985 443.359985 447.26001  447.970001 448.910004 446.26001
 450.25     452.230011 451.559998]",0.23998999999992066
"[438.980011 441.76001  442.48999  442.130005 442.679993 443.779999
 445.109985 445.920013 446.970001 444.040009 439.179993 439.859985
 443.359985 447.26001  447.970001 448.910004 446.26001  450.25
 452.230011 451.559998 451.799988]",1.390013999999951
"[441.76001  442.48999  442.130005 442.679993 443.779999 445.109985
 445.920013 446.970001 444.040009 439.179993 439.859985 443.359985
 447.26001  447.970001 448.910004 446.26001  450.25     452.230011
 451.559998 451.799988 453.190002]",-0.11001499999991893
"[442.48999  442.130005 442.679993 443.779999 445.109985 445.920013
 446.970001 444.040009 439.179993 439.859985 443.359985 447.26001
 447.970001 448.910004 446.26001  450.25     452.230011 451.559998
 451.799988 453.190002 453.079987]",-1.6199960000000146
"[442.130005 442.679993 443.779999 445.109985 445.920013 446.970001
 444.040009 439.179993 439.859985 443.359985 447.26001  447.970001
 448.910004 446.26001  450.25     452.230011 451.559998 451.799988
 453.190002 453.079987 451.459991]",-0.5499869999999873
"[442.679993 443.779999 445.109985 445.920013 446.970001 444.040009
 439.179993 439.859985 443.359985 447.26001  447.970001 448.910004
 446.26001  450.25     452.230011 451.559998 451.799988 453.190002
 453.079987 451.459991 450.910004]",-1.9299929999999677
"[443.779999 445.109985 445.920013 446.970001 444.040009 439.179993
 439.859985 443.359985 447.26001  447.970001 448.910004 446.26001
 450.25     452.230011 451.559998 451.799988 453.190002 453.079987
 451.459991 450.910004 448.980011]",-3.5400090000001114
"[445.109985 445.920013 446.970001 444.040009 439.179993 439.859985
 443.359985 447.26001  447.970001 448.910004 446.26001  450.25
 452.230011 451.559998 451.799988 453.190002 453.079987 451.459991
 450.910004 448.980011 445.440002]",1.139985000000081
"[445.920013 446.970001 444.040009 439.179993 439.859985 443.359985
 447.26001  447.970001 448.910004 446.26001  450.25     452.230011
 451.559998 451.799988 453.190002 453.079987 451.459991 450.910004
 448.980011 445.440002 446.579987]",-2.409974000000034
"[446.970001 444.040009 439.179993 439.859985 443.359985 447.26001
 447.970001 448.910004 446.26001  450.25     452.230011 451.559998
 451.799988 453.190002 453.079987 451.459991 450.910004 448.980011
 445.440002 446.579987 444.170013]",3.7099919999999997
"[444.040009 439.179993 439.859985 443.359985 447.26001  447.970001
 448.910004 446.26001  450.25     452.230011 451.559998 451.799988
 453.190002 453.079987 451.459991 450.910004 448.980011 445.440002
 446.579987 444.170013 447.880005]",-0.7099919999999997
"[439.179993 439.859985 443.359985 447.26001  447.970001 448.910004
 446.26001  450.25     452.230011 451.559998 451.799988 453.190002
 453.079987 451.459991 450.910004 448.980011 445.440002 446.579987
 444.170013 447.880005 447.170013]",-5.770018999999934
"[439.859985 443.359985 447.26001  447.970001 448.910004 446.26001
 450.25     452.230011 451.559998 451.799988 453.190002 453.079987
 451.459991 450.910004 448.980011 445.440002 446.579987 444.170013
 447.880005 447.170013 441.399994]",-7.3599850000000515
"[443.359985 447.26001  447.970001 448.910004 446.26001  450.25
 452.230011 451.559998 451.799988 453.190002 453.079987 451.459991
 450.910004 448.980011 445.440002 446.579987 444.170013 447.880005
 447.170013 441.399994 434.040009]",-0.4100040000000149
"[447.26001  447.970001 448.910004 446.26001  450.25     452.230011
 451.559998 451.799988 453.190002 453.079987 451.459991 450.910004
 448.980011 445.440002 446.579987 444.170013 447.880005 447.170013
 441.399994 434.040009 433.630005]",4.229979999999955
"[447.970001 448.910004 446.26001  450.25     452.230011 451.559998
 451.799988 453.190002 453.079987 451.459991 450.910004 448.980011
 445.440002 446.579987 444.170013 447.880005 447.170013 441.399994
 434.040009 433.630005 437.859985]",5.32000800000003
"[448.910004 446.26001  450.25     452.230011 451.559998 451.799988
 453.190002 453.079987 451.459991 450.910004 448.980011 445.440002
 446.579987 444.170013 447.880005 447.170013 441.399994 434.040009
 433.630005 437.859985 443.179993]",0.7300110000000473
"[446.26001  450.25     452.230011 451.559998 451.799988 453.190002
 453.079987 451.459991 450.910004 448.980011 445.440002 446.579987
 444.170013 447.880005 447.170013 441.399994 434.040009 433.630005
 437.859985 443.179993 443.910004]",-1.2699889999999527
"[450.25     452.230011 451.559998 451.799988 453.190002 453.079987
 451.459991 450.910004 448.980011 445.440002 446.579987 444.170013
 447.880005 447.170013 441.399994 434.040009 433.630005 437.859985
 443.179993 443.910004 442.640015]",-8.920014000000094
"[452.230011 451.559998 451.799988 453.190002 453.079987 451.459991
 450.910004 448.980011 445.440002 446.579987 444.170013 447.880005
 447.170013 441.399994 434.040009 433.630005 437.859985 443.179993
 443.910004 442.640015 433.720001]",0.7300110000000473
"[451.559998 451.799988 453.190002 453.079987 451.459991 450.910004
 448.980011 445.440002 446.579987 444.170013 447.880005 447.170013
 441.399994 434.040009 433.630005 437.859985 443.179993 443.910004
 442.640015 433.720001 434.450012]",-5.309996999999953
"[451.799988 453.190002 453.079987 451.459991 450.910004 448.980011
 445.440002 446.579987 444.170013 447.880005 447.170013 441.399994
 434.040009 433.630005 437.859985 443.179993 443.910004 442.640015
 433.720001 434.450012 429.140015]",5.099974999999972
"[453.190002 453.079987 451.459991 450.910004 448.980011 445.440002
 446.579987 444.170013 447.880005 447.170013 441.399994 434.040009
 433.630005 437.859985 443.179993 443.910004 442.640015 433.720001
 434.450012 429.140015 434.23999 ]",-5.599974999999972
"[453.079987 451.459991 450.910004 448.980011 445.440002 446.579987
 444.170013 447.880005 447.170013 441.399994 434.040009 433.630005
 437.859985 443.179993 443.910004 442.640015 433.720001 434.450012
 429.140015 434.23999  428.640015]",4.459990999999889
"[451.459991 450.910004 448.980011 445.440002 446.579987 444.170013
 447.880005 447.170013 441.399994 434.040009 433.630005 437.859985
 443.179993 443.910004 442.640015 433.720001 434.450012 429.140015
 434.23999  428.640015 433.100006]",1.7999880000000985
"[450.910004 448.980011 445.440002 446.579987 444.170013 447.880005
 447.170013 441.399994 434.040009 433.630005 437.859985 443.179993
 443.910004 442.640015 433.720001 434.450012 429.140015 434.23999
 428.640015 433.100006 434.899994]",3.7600099999999657
"[448.980011 445.440002 446.579987 444.170013 447.880005 447.170013
 441.399994 434.040009 433.630005 437.859985 443.179993 443.910004
 442.640015 433.720001 434.450012 429.140015 434.23999  428.640015
 433.100006 434.899994 438.660004]",-0.8000190000000771
"[445.440002 446.579987 444.170013 447.880005 447.170013 441.399994
 434.040009 433.630005 437.859985 443.179993 443.910004 442.640015
 433.720001 434.450012 429.140015 434.23999  428.640015 433.100006
 434.899994 438.660004 437.859985]",-3.169983000000002
"[446.579987 444.170013 447.880005 447.170013 441.399994 434.040009
 433.630005 437.859985 443.179993 443.910004 442.640015 433.720001
 434.450012 429.140015 434.23999  428.640015 433.100006 434.899994
 438.660004 437.859985 434.690002]",-1.0700069999999187
"[444.170013 447.880005 447.170013 441.399994 434.040009 433.630005
 437.859985 443.179993 443.910004 442.640015 433.720001 434.450012
 429.140015 434.23999  428.640015 433.100006 434.899994 438.660004
 437.859985 434.690002 433.619995]",1.5599979999999505
"[447.880005 447.170013 441.399994 434.040009 433.630005 437.859985
 443.179993 443.910004 442.640015 433.720001 434.450012 429.140015
 434.23999  428.640015 433.100006 434.899994 438.660004 437.859985
 434.690002 433.619995 435.179993]",7.320007000000032
"[447.170013 441.399994 434.040009 433.630005 437.859985 443.179993
 443.910004 442.640015 433.720001 434.450012 429.140015 434.23999
 428.640015 433.100006 434.899994 438.660004 437.859985 434.690002
 433.619995 435.179993 442.5     ]",3.369995000000017
"[441.399994 434.040009 433.630005 437.859985 443.179993 443.910004
 442.640015 433.720001 434.450012 429.140015 434.23999  428.640015
 433.100006 434.899994 438.660004 437.859985 434.690002 433.619995
 435.179993 442.5      445.869995]",1.3200069999999187
"[434.040009 433.630005 437.859985 443.179993 443.910004 442.640015
 433.720001 434.450012 429.140015 434.23999  428.640015 433.100006
 434.899994 438.660004 437.859985 434.690002 433.619995 435.179993
 442.5      445.869995 447.190002]",3.4500130000001263
"[433.630005 437.859985 443.179993 443.910004 442.640015 433.720001
 434.450012 429.140015 434.23999  428.640015 433.100006 434.899994
 438.660004 437.859985 434.690002 433.619995 435.179993 442.5
 445.869995 447.190002 450.640015]",1.7699889999999527
"[437.859985 443.179993 443.910004 442.640015 433.720001 434.450012
 429.140015 434.23999  428.640015 433.100006 434.899994 438.660004
 437.859985 434.690002 433.619995 435.179993 442.5      445.869995
 447.190002 450.640015 452.410004]",1.1799919999999702
"[443.179993 443.910004 442.640015 433.720001 434.450012 429.140015
 434.23999  428.640015 433.100006 434.899994 438.660004 437.859985
 434.690002 433.619995 435.179993 442.5      445.869995 447.190002
 450.640015 452.410004 453.589996]",-0.4700009999999679
"[443.910004 442.640015 433.720001 434.450012 429.140015 434.23999
 428.640015 433.100006 434.899994 438.660004 437.859985 434.690002
 433.619995 435.179993 442.5      445.869995 447.190002 450.640015
 452.410004 453.589996 453.119995]",2.4299929999999677
"[442.640015 433.720001 434.450012 429.140015 434.23999  428.640015
 433.100006 434.899994 438.660004 437.859985 434.690002 433.619995
 435.179993 442.5      445.869995 447.190002 450.640015 452.410004
 453.589996 453.119995 455.549988]",0.41000300000001744
"[433.720001 434.450012 429.140015 434.23999  428.640015 433.100006
 434.899994 438.660004 437.859985 434.690002 433.619995 435.179993
 442.5      445.869995 447.190002 450.640015 452.410004 453.589996
 453.119995 455.549988 455.959991]",-2.0199890000000664
"[434.450012 429.140015 434.23999  428.640015 433.100006 434.899994
 438.660004 437.859985 434.690002 433.619995 435.179993 442.5
 445.869995 447.190002 450.640015 452.410004 453.589996 453.119995
 455.549988 455.959991 453.940002]",4.3800050000000965
"[429.140015 434.23999  428.640015 433.100006 434.899994 438.660004
 437.859985 434.690002 433.619995 435.179993 442.5      445.869995
 447.190002 450.640015 452.410004 453.589996 453.119995 455.549988
 455.959991 453.940002 458.320007]",0.9299929999999677
"[434.23999  428.640015 433.100006 434.899994 438.660004 437.859985
 434.690002 433.619995 435.179993 442.5      445.869995 447.190002
 450.640015 452.410004 453.589996 453.119995 455.549988 455.959991
 453.940002 458.320007 459.25    ]",0.7900089999999977
"[428.640015 433.100006 434.899994 438.660004 437.859985 434.690002
 433.619995 435.179993 442.5      445.869995 447.190002 450.640015
 452.410004 453.589996 453.119995 455.549988 455.959991 453.940002
 458.320007 459.25     460.040009]",1.8599850000000515
"[433.100006 434.899994 438.660004 437.859985 434.690002 433.619995
 435.179993 442.5      445.869995 447.190002 450.640015 452.410004
 453.589996 453.119995 455.549988 455.959991 453.940002 458.320007
 459.25     460.040009 461.899994]",2.8200069999999187
"[434.899994 438.660004 437.859985 434.690002 433.619995 435.179993
 442.5      445.869995 447.190002 450.640015 452.410004 453.589996
 453.119995 455.549988 455.959991 453.940002 458.320007 459.25
 460.040009 461.899994 464.720001]",2.190003000000047
"[438.660004 437.859985 434.690002 433.619995 435.179993 442.5
 445.869995 447.190002 450.640015 452.410004 453.589996 453.119995
 455.549988 455.959991 453.940002 458.320007 459.25     460.040009
 461.899994 464.720001 466.910004]",1.6199950000000172
"[437.859985 434.690002 433.619995 435.179993 442.5      445.869995
 447.190002 450.640015 452.410004 453.589996 453.119995 455.549988
 455.959991 453.940002 458.320007 459.25     460.040009 461.899994
 464.720001 466.910004 468.529999]",0.39999399999993557
"[434.690002 433.619995 435.179993 442.5      445.869995 447.190002
 450.640015 452.410004 453.589996 453.119995 455.549988 455.959991
 453.940002 458.320007 459.25     460.040009 461.899994 464.720001
 466.910004 468.529999 468.929993]",-1.5499879999999848
"[433.619995 435.179993 442.5      445.869995 447.190002 450.640015
 452.410004 453.589996 453.119995 455.549988 455.959991 453.940002
 458.320007 459.25     460.040009 461.899994 464.720001 466.910004
 468.529999 468.929993 467.380005]",-3.7600099999999657
"[435.179993 442.5      445.869995 447.190002 450.640015 452.410004
 453.589996 453.119995 455.549988 455.959991 453.940002 458.320007
 459.25     460.040009 461.899994 464.720001 466.910004 468.529999
 468.929993 467.380005 463.619995]",0.14999399999993557
"[442.5      445.869995 447.190002 450.640015 452.410004 453.589996
 453.119995 455.549988 455.959991 453.940002 458.320007 459.25
 460.040009 461.899994 464.720001 466.910004 468.529999 468.929993
 467.380005 463.619995 463.769989]",3.5
"[445.869995 447.190002 450.640015 452.410004 453.589996 453.119995
 455.549988 455.959991 453.940002 458.320007 459.25     460.040009
 461.899994 464.720001 466.910004 468.529999 468.929993 467.380005
 463.619995 463.769989 467.269989]",0.1600040000000149
"[447.190002 450.640015 452.410004 453.589996 453.119995 455.549988
 455.959991 453.940002 458.320007 459.25     460.040009 461.899994
 464.720001 466.910004 468.529999 468.929993 467.380005 463.619995
 463.769989 467.269989 467.429993]",1.8500060000000644
"[450.640015 452.410004 453.589996 453.119995 455.549988 455.959991
 453.940002 458.320007 459.25     460.040009 461.899994 464.720001
 466.910004 468.529999 468.929993 467.380005 463.619995 463.769989
 467.269989 467.429993 469.279999]",-1.13998399999997
"[452.410004 453.589996 453.119995 455.549988 455.959991 453.940002
 458.320007 459.25     460.040009 461.899994 464.720001 466.910004
 468.529999 468.929993 467.380005 463.619995 463.769989 467.269989
 467.429993 469.279999 468.140015]",1.589995999999985
"[453.589996 453.119995 455.549988 455.959991 453.940002 458.320007
 459.25     460.040009 461.899994 464.720001 466.910004 468.529999
 468.929993 467.380005 463.619995 463.769989 467.269989 467.429993
 469.279999 468.140015 469.730011]",-0.8399959999999851
"[453.119995 455.549988 455.959991 453.940002 458.320007 459.25
 460.040009 461.899994 464.720001 466.910004 468.529999 468.929993
 467.380005 463.619995 463.769989 467.269989 467.429993 469.279999
 468.140015 469.730011 468.890015]",-1.3200080000000298
"[455.549988 455.959991 453.940002 458.320007 459.25     460.040009
 461.899994 464.720001 466.910004 468.529999 468.929993 467.380005
 463.619995 463.769989 467.269989 467.429993 469.279999 468.140015
 469.730011 468.890015 467.570007]",0.6199949999999035
"[455.959991 453.940002 458.320007 459.25     460.040009 461.899994
 464.720001 466.910004 468.529999 468.929993 467.380005 463.619995
 463.769989 467.269989 467.429993 469.279999 468.140015 469.730011
 468.890015 467.570007 468.190002]",1.25
"[453.940002 458.320007 459.25     460.040009 461.899994 464.720001
 466.910004 468.529999 468.929993 467.380005 463.619995 463.769989
 467.269989 467.429993 469.279999 468.140015 469.730011 468.890015
 467.570007 468.190002 469.440002]",-10.470000999999968
"[458.320007 459.25     460.040009 461.899994 464.720001 466.910004
 468.529999 468.929993 467.380005 463.619995 463.769989 467.269989
 467.429993 469.279999 468.140015 469.730011 468.890015 467.570007
 468.190002 469.440002 458.970001]",5.630004999999983
"[459.25     460.040009 461.899994 464.720001 466.910004 468.529999
 468.929993 467.380005 463.619995 463.769989 467.269989 467.429993
 469.279999 468.140015 469.730011 468.890015 467.570007 468.190002
 469.440002 458.970001 464.600006]",-9.040007999999887
"[460.040009 461.899994 464.720001 466.910004 468.529999 468.929993
 467.380005 463.619995 463.769989 467.269989 467.429993 469.279999
 468.140015 469.730011 468.890015 467.570007 468.190002 469.440002
 458.970001 464.600006 455.559998]",-5.059998000000064
"[461.899994 464.720001 466.910004 468.529999 468.929993 467.380005
 463.619995 463.769989 467.269989 467.429993 469.279999 468.140015
 469.730011 468.890015 467.570007 468.190002 469.440002 458.970001
 464.600006 455.559998 450.5     ]",6.899994000000049
"[464.720001 466.910004 468.529999 468.929993 467.380005 463.619995
 463.769989 467.269989 467.429993 469.279999 468.140015 469.730011
 468.890015 467.570007 468.190002 469.440002 458.970001 464.600006
 455.559998 450.5      457.399994]",-3.979981000000066
"[466.910004 468.529999 468.929993 467.380005 463.619995 463.769989
 467.269989 467.429993 469.279999 468.140015 469.730011 468.890015
 467.570007 468.190002 469.440002 458.970001 464.600006 455.559998
 450.5      457.399994 453.420013]",5.369996000000015
"[468.529999 468.929993 467.380005 463.619995 463.769989 467.269989
 467.429993 469.279999 468.140015 469.730011 468.890015 467.570007
 468.190002 469.440002 458.970001 464.600006 455.559998 450.5
 457.399994 453.420013 458.790009]",9.489990000000034
"[468.929993 467.380005 463.619995 463.769989 467.269989 467.429993
 469.279999 468.140015 469.730011 468.890015 467.570007 468.190002
 469.440002 458.970001 464.600006 455.559998 450.5      457.399994
 453.420013 458.790009 468.279999]",1.2399899999999207
"[467.380005 463.619995 463.769989 467.269989 467.429993 469.279999
 468.140015 469.730011 468.890015 467.570007 468.190002 469.440002
 458.970001 464.600006 455.559998 450.5      457.399994 453.420013
 458.790009 468.279999 469.519989]",-3.169983000000002
"[463.619995 463.769989 467.269989 467.429993 469.279999 468.140015
 469.730011 468.890015 467.570007 468.190002 469.440002 458.970001
 464.600006 455.559998 450.5      457.399994 453.420013 458.790009
 468.279999 469.519989 466.350006]",4.389984000000084
"[463.769989 467.269989 467.429993 469.279999 468.140015 469.730011
 468.890015 467.570007 468.190002 469.440002 458.970001 464.600006
 455.559998 450.5      457.399994 453.420013 458.790009 468.279999
 469.519989 466.350006 470.73999 ]",-4.169983000000002
"[467.269989 467.429993 469.279999 468.140015 469.730011 468.890015
 467.570007 468.190002 469.440002 458.970001 464.600006 455.559998
 450.5      457.399994 453.420013 458.790009 468.279999 469.519989
 466.350006 470.73999  466.570007]",-3.2100220000000945
"[467.429993 469.279999 468.140015 469.730011 468.890015 467.570007
 468.190002 469.440002 458.970001 464.600006 455.559998 450.5
 457.399994 453.420013 458.790009 468.279999 469.519989 466.350006
 470.73999  466.570007 463.359985]",7.240021000000013
"[469.279999 468.140015 469.730011 468.890015 467.570007 468.190002
 469.440002 458.970001 464.600006 455.559998 450.5      457.399994
 453.420013 458.790009 468.279999 469.519989 466.350006 470.73999
 466.570007 463.359985 470.600006]",-4.149993999999936
"[468.140015 469.730011 468.890015 467.570007 468.190002 469.440002
 458.970001 464.600006 455.559998 450.5      457.399994 453.420013
 458.790009 468.279999 469.519989 466.350006 470.73999  466.570007
 463.359985 470.600006 466.450012]",-6.580016999999998
"[469.730011 468.890015 467.570007 468.190002 469.440002 458.970001
 464.600006 455.559998 450.5      457.399994 453.420013 458.790009
 468.279999 469.519989 466.350006 470.73999  466.570007 463.359985
 470.600006 466.450012 459.869995]",-4.88998399999997
"[468.890015 467.570007 468.190002 469.440002 458.970001 464.600006
 455.559998 450.5      457.399994 453.420013 458.790009 468.279999
 469.519989 466.350006 470.73999  466.570007 463.359985 470.600006
 466.450012 459.869995 454.980011]",8.079987000000017
"[467.570007 468.190002 469.440002 458.970001 464.600006 455.559998
 450.5      457.399994 453.420013 458.790009 468.279999 469.519989
 466.350006 470.73999  466.570007 463.359985 470.600006 466.450012
 459.869995 454.980011 463.059998]",4.630003999999872
"[468.190002 469.440002 458.970001 464.600006 455.559998 450.5
 457.399994 453.420013 458.790009 468.279999 469.519989 466.350006
 470.73999  466.570007 463.359985 470.600006 466.450012 459.869995
 454.980011 463.059998 467.690002]",2.910004000000015
"[469.440002 458.970001 464.600006 455.559998 450.5      457.399994
 453.420013 458.790009 468.279999 469.519989 466.350006 470.73999
 466.570007 463.359985 470.600006 466.450012 459.869995 454.980011
 463.059998 467.690002 470.600006]",6.660004000000015
